Letterboxd list export v7
Date,Name,Tags,URL,Description
2025-05-13,<3,,https://boxd.it/GXgay,

Position,Name,Year,URL,Description
1,Serendipity,2001,https://boxd.it/1XPy,
2,La La Land,2016,https://boxd.it/a5fa,
3,The Parent Trap,1998,https://boxd.it/1XJq,
4,10 Things I Hate About You,1999,https://boxd.it/23AO,
5,How to Lose a Guy in 10 Days,2003,https://boxd.it/1XwG,
6,Love Actually,2003,https://boxd.it/2aeU,
7,The Notebook,2004,https://boxd.it/1UNE,
8,The Perks of Being a Wallflower,2012,https://boxd.it/2ZA8,
