Letterboxd list export v7
Date,Name,Tags,URL,Description
2025-05-13,Changed my life,,https://boxd.it/GXfJs,

Position,Name,Year,URL,Description
1,Forrest Gump,1994,https://boxd.it/728,
2,Waves,2019,https://boxd.it/jpmy,
3,"McFarland, USA",2015,https://boxd.it/6JCq,
4,The Impossible,2012,https://boxd.it/2N9k,
5,Slumdog Millionaire,2008,https://boxd.it/1S3E,
6,The Sixth Sense,1999,https://boxd.it/29Js,
7,Halloween,1978,https://boxd.it/2wRu,
8,Wonder,2017,https://boxd.it/ekeY,
9,Babe,1995,https://boxd.it/1Yh8,
10,The Fallout,2021,https://boxd.it/tViI,
11,The Piano,1993,https://boxd.it/29Kq,
