Letterboxd list export v7
Date,Name,Tags,URL,Description
2025-05-13,LMFAO,,https://boxd.it/GXfKq,

Position,Name,Year,URL,Description
1,Pitch Perfect,2012,https://boxd.it/3OsE,
2,Bottoms,2023,https://boxd.it/uGf2,
3,Airplane!,1980,https://boxd.it/29yu,
4,Little Miss Sunshine,2006,https://boxd.it/29EW,
5,Meet the Parents,2000,https://boxd.it/28vE,
6,Furry Vengeance,2010,https://boxd.it/1cGu,
7,Bedtime Stories,2008,https://boxd.it/1WPM,
8,Jumanji: Welcome to the Jungle,2017,https://boxd.it/bUeE,
9,Zookeeper,2011,https://boxd.it/16gq,
10,Shiva Baby,2020,https://boxd.it/oIv0,
