Letterboxd list export v7
Date,Name,Tags,URL,Description
2025-05-13,NY,,https://boxd.it/GXgu4,

Position,Name,Year,URL,Description
1,Serendipity,2001,https://boxd.it/1XPy,
2,Anora,2024,https://boxd.it/Egcw,
3,Spider-Man: Homecoming,2017,https://boxd.it/aboM,
4,How to Lose a Guy in 10 Days,2003,https://boxd.it/1XwG,
5,Spider-Man,2002,https://boxd.it/2a8i,
6,Spider-Man: Into the Spider-Verse,2018,https://boxd.it/azpY,
7,Spider-Man: Across the Spider-Verse,2023,https://boxd.it/kSz4,
8,Spider-Man: No Way Home,2021,https://boxd.it/nwRw,
9,The Secret Life of Pets,2016,https://boxd.it/aJ5E,
