Letterboxd list export v7
Date,Name,Tags,URL,Description
2025-05-13,Quality “scary”,,https://boxd.it/GXh3S,

Position,Name,Year,URL,Description
1,Halloween,1978,https://boxd.it/2wRu,
2,Us,2019,https://boxd.it/gnV6,
3,Saw,2004,https://boxd.it/2aWW,
4,The Silence of the Lambs,1991,https://boxd.it/2aHW,
5,The Sixth Sense,1999,https://boxd.it/29Js,
6,The Conjuring,2013,https://boxd.it/4sr2,
7,Get Out,2017,https://boxd.it/eOCm,
8,Hereditary,2018,https://boxd.it/hNVe,
9,Barbarian,2022,https://boxd.it/yohi,
10,The Texas Chain Saw Massacre,1974,https://boxd.it/1lcS,
11,Scream,1996,https://boxd.it/24EC,
