Date,Name,Year,Letterboxd URI
2024-01-13,Serendipity,2001,https://boxd.it/1XPy
2025-05-13,Wicked,2024,https://boxd.it/e8ME
2025-05-13,Anora,2024,https://boxd.it/Egcw
2025-05-13,Bottoms,2023,https://boxd.it/uGf2
2025-05-13,Bodies Bodies Bodies,2022,https://boxd.it/iRcE
2025-05-13,The Fallout,2021,https://boxd.it/tViI
2025-05-13,Little Women,2019,https://boxd.it/aSVk
2025-05-13,Waves,2019,https://boxd.it/jpmy
2025-05-13,Us,2019,https://boxd.it/gnV6
2025-05-13,mid90s,2018,https://boxd.it/fxIa
2025-05-13,To All the Boys I've Loved Before,2018,https://boxd.it/gHec
2025-05-13,Wonder,2017,https://boxd.it/ekeY
2025-05-13,The Boss Baby,2017,https://boxd.it/9mfO
2025-05-13,Get Out,2017,https://boxd.it/eOCm
2025-05-13,The Founder,2016,https://boxd.it/9XwM
2025-05-13,La La Land,2016,https://boxd.it/a5fa
2025-05-13,"McFarland, USA",2015,https://boxd.it/6JCq
2025-05-13,Divergent,2014,https://boxd.it/4VT0
2025-05-13,The Bling Ring,2013,https://boxd.it/3lPY
2025-05-13,Pitch Perfect,2012,https://boxd.it/3OsE
2025-05-13,The Perks of Being a Wallflower,2012,https://boxd.it/2ZA8
2025-05-13,The Impossible,2012,https://boxd.it/2N9k
2025-05-13,Zookeeper,2011,https://boxd.it/16gq
2025-05-13,The Social Network,2010,https://boxd.it/17ue
2025-05-13,Avatar,2009,https://boxd.it/1Efm
2025-05-13,Up,2009,https://boxd.it/1OEc
2025-05-13,Coraline,2009,https://boxd.it/1NhQ
2025-05-13,Bedtime Stories,2008,https://boxd.it/1WPM
2025-05-13,Bolt,2008,https://boxd.it/1QXg
2025-05-13,Slumdog Millionaire,2008,https://boxd.it/1S3E
2025-05-13,The Dark Knight,2008,https://boxd.it/2b0k
2025-05-13,Alvin and the Chipmunks,2007,https://boxd.it/21E0
2025-05-13,High School Musical 2,2007,https://boxd.it/1PIu
2025-05-13,Ratatouille,2007,https://boxd.it/27ww
2025-05-13,The Incredibles,2004,https://boxd.it/1XLm
2025-05-13,The Polar Express,2004,https://boxd.it/23am
2025-05-13,The Notebook,2004,https://boxd.it/1UNE
2025-05-13,Mean Girls,2004,https://boxd.it/1VNg
2025-05-13,Harry Potter and the Deathly Hallows: Part 1,2010,https://boxd.it/1RYu
2025-05-13,Love Actually,2003,https://boxd.it/2aeU
2025-05-13,Finding Nemo,2003,https://boxd.it/72i
2025-05-13,"Monsters, Inc.",2001,https://boxd.it/2a46
2025-05-13,Toy Story 2,1999,https://boxd.it/29qq
2025-05-13,The Sixth Sense,1999,https://boxd.it/29Js
2025-05-13,The Parent Trap,1998,https://boxd.it/1XJq
2025-05-13,Selena,1997,https://boxd.it/1KVS
2025-05-13,Scream,1996,https://boxd.it/24EC
2025-05-13,Toy Story,1995,https://boxd.it/29qA
2025-05-13,Babe,1995,https://boxd.it/1Yh8
2025-05-13,Forrest Gump,1994,https://boxd.it/728
2025-05-13,Halloween,1978,https://boxd.it/2wRu
2025-05-13,The Pacifier,2005,https://boxd.it/1Xhm
2025-05-13,The Piano,1993,https://boxd.it/29Kq
2025-05-13,Shiva Baby,2020,https://boxd.it/oIv0
2025-05-13,G-Force,2009,https://boxd.it/1ETc
