Date,Content
2024-11-27,https://boxd.it/7UC0P5
2025-05-17,https://boxd.it/9fYU1V
2025-05-17,https://boxd.it/Gzibz
2025-05-17,https://boxd.it/ydMip
2025-05-17,https://boxd.it/WS0SR
2025-05-17,https://boxd.it/4Upk9N
2025-05-17,https://boxd.it/1vPJrv
2025-05-17,https://boxd.it/dla8t
2025-05-17,https://boxd.it/18z1Uz
2025-05-17,https://boxd.it/yYHXh
2025-05-17,https://boxd.it/1Ji0H9
2025-05-17,https://boxd.it/PHaAj
2025-05-17,https://boxd.it/1IdJOb
2025-05-17,https://boxd.it/3C1aB5
2025-05-17,https://boxd.it/16eUIN
2025-05-17,https://boxd.it/1nj7uF
2025-05-17,https://boxd.it/12Lyd9
2025-05-17,https://boxd.it/17cuA9
2025-05-17,https://boxd.it/1IxBkx
2025-05-17,https://boxd.it/1nahxB
2025-05-17,https://boxd.it/1owVBB
2025-05-17,https://boxd.it/1v1am1
2025-05-17,https://boxd.it/1tXZQT
2025-05-17,https://boxd.it/12rauZ
2025-05-17,https://boxd.it/3gvmCh
2025-05-17,https://boxd.it/4CkEOp
2025-05-17,https://boxd.it/1RKne3
2025-05-17,https://boxd.it/ZcNpn
2025-05-17,https://boxd.it/2wHD9L
2025-05-17,https://boxd.it/252mVX
2025-05-17,https://boxd.it/lNsFX
2025-05-17,https://boxd.it/igWZP
2025-05-17,https://boxd.it/Mjf1D
2025-05-18,https://boxd.it/kOEGr
2025-05-18,https://boxd.it/2qtYLp
2025-05-18,https://boxd.it/4lTMgH
2025-05-18,https://boxd.it/38B085
2025-05-18,https://boxd.it/1aA4nX
2025-05-18,https://boxd.it/1wsvv7
2025-05-18,https://boxd.it/3siwIV
2025-05-18,https://boxd.it/72NBnD
2025-05-18,https://boxd.it/1AkHu1
2025-05-18,https://boxd.it/1VPtun
2025-05-18,https://boxd.it/1Do9jD
2025-05-18,https://boxd.it/7zSse5
2025-05-18,https://boxd.it/7yLihF
2025-05-18,https://boxd.it/4Wv4qD
2025-05-29,https://boxd.it/1eLjHB
