Date,Name,Year,Letterboxd URI,Rating,Rewatch,Tags,Watched Date
2024-06-25,Mean Girls,2024,https://boxd.it/6JW6e3,2,,,2024-01-15
2024-11-27,Saltburn,2023,https://boxd.it/7UjyT3,4,,,2024-03-15
2024-06-25,The Idea of You,2024,https://boxd.it/6JW8v1,3,,,2024-05-16
2024-11-27,Ocean's Eight,2018,https://boxd.it/7UjCGd,3.5,,,2024-05-19
2024-06-25,Challengers,2024,https://boxd.it/6JWaMt,3.5,,,2024-05-23
2024-06-25,Inside Out 2,2024,https://boxd.it/6JW5bn,3.5,,,2024-06-14
2024-06-24,Forrest Gump,1994,https://boxd.it/6JQJVN,5,,,2024-06-23
2024-06-29,American Sniper,2014,https://boxd.it/6LxQrZ,3.5,,,2024-06-28
2024-06-30,Misery,1990,https://boxd.it/6M7Iol,4,,,2024-06-30
2024-11-27,The Visit,2015,https://boxd.it/7Ujxvp,2,,,2024-07-24
2024-11-24,Wicked,2024,https://boxd.it/7T1s4j,5,,,2024-11-23
2024-11-27,Out of My Mind,2024,https://boxd.it/7UjwlX,3.5,,,2024-11-23
2024-11-27,Saw X,2023,https://boxd.it/7Ujtpx,2.5,,,2024-11-24
2024-11-27,Good Will Hunting,1997,https://boxd.it/7UjtUP,4,,,2024-11-25
2024-11-27,The Boy Next Door,2015,https://boxd.it/7UBY7F,2,,w/Isabella,2024-11-26
2024-12-03,It Ends with Us,2024,https://boxd.it/7XnX61,3.5,,,2024-12-02
2024-12-14,He's Just Not That Into You,2009,https://boxd.it/831eQN,2.5,,,2024-12-13
2024-12-14,The Sixth Sense,1999,https://boxd.it/831f3x,5,,,2024-12-13
2024-12-18,The Holiday,2006,https://boxd.it/85hhhV,2,,,2024-12-15
2024-12-29,Smile 2,2024,https://boxd.it/8csUv3,3,,,2024-12-27
2024-12-29,Waves,2019,https://boxd.it/8csVk1,4,,,2024-12-28
2024-12-29,The Line,2023,https://boxd.it/8csW31,3.5,,,2024-12-28
2025-03-10,mid90s,2018,https://boxd.it/94BBrb,3.5,,,2025-03-08
2025-04-11,Anora,2024,https://boxd.it/9np4Qp,4,,,2025-04-10
2025-05-10,Death of a Unicorn,2025,https://boxd.it/9EAtfj,2,,,2025-05-09
2025-05-12,Little Miss Sunshine,2006,https://boxd.it/9FFtlb,5,,,2025-05-11
2025-05-13,Hereditary,2018,https://boxd.it/9GaGhX,4,,,2025-05-11
2025-05-13,The Shawshank Redemption,1994,https://boxd.it/9GrKiJ,4.5,,,2025-05-12
2025-05-13,Shiva Baby,2020,https://boxd.it/9GvhVb,3.5,,,2025-05-13
2025-05-17,A Dog's Purpose,2017,https://boxd.it/9ImVGZ,2.5,Yes,,2025-05-14
2025-05-17,The Lego Movie,2014,https://boxd.it/9ImXoD,4,Yes,,2025-05-14
2025-05-16,Final Destination,2000,https://boxd.it/9HCYcV,3,,,2025-05-15
2025-05-16,Prisoners,2013,https://boxd.it/9HXjyN,3,,,2025-05-15
2025-05-19,The Collector,2009,https://boxd.it/9JhXlD,3,,,2025-05-18
2025-05-20,Casino,1995,https://boxd.it/9KtYfT,5,,,2025-05-19
2025-05-24,Inglourious Basterds,2009,https://boxd.it/9MK31x,3.5,,,2025-05-24
2025-05-27,Django Unchained,2012,https://boxd.it/9OQLP7,5,,,2025-05-26
2025-06-01,The Cutting Edge,1992,https://boxd.it/9RVXQX,3.5,,,2025-05-31
