Date,Name,Year,Letterboxd URI,Rating
2024-01-13,The Impossible,2012,https://boxd.it/2N9k,5
2024-01-21,Mean Girls,2024,https://boxd.it/p6nO,2
2024-01-21,Toy Story 2,1999,https://boxd.it/29qq,5
2024-01-21,The Incredibles,2004,https://boxd.it/1XLm,5
2024-01-21,Incredibles 2,2018,https://boxd.it/7IPg,4
2024-01-21,The Croods,2013,https://boxd.it/FRE,2.5
2024-01-21,Bedtime Stories,2008,https://boxd.it/1WPM,5
2024-01-21,La La Land,2016,https://boxd.it/a5fa,4
2024-06-18,The Idea of You,2024,https://boxd.it/vOW6,3
2024-06-18,The Bling Ring,2013,https://boxd.it/3lPY,4
2024-06-18,Halloween,1978,https://boxd.it/2wRu,5
2024-06-18,Get Out,2017,https://boxd.it/eOCm,5
2024-06-18,Slumdog Millionaire,2008,https://boxd.it/1S3E,5
2024-06-18,Saltburn,2023,https://boxd.it/z4eg,4
2024-06-18,Ratatouille,2007,https://boxd.it/27ww,5
2024-06-18,Coraline,2009,https://boxd.it/1NhQ,4.5
2024-06-18,"Monsters, Inc.",2001,https://boxd.it/2a46,5
2024-06-18,Monsters University,2013,https://boxd.it/bQm,4
2024-06-18,Anyone But You,2023,https://boxd.it/EzA8,2.5
2024-06-18,The Hunger Games: The Ballad of Songbirds & Snakes,2023,https://boxd.it/pZCY,4
2024-06-18,Thanksgiving,2023,https://boxd.it/EviY,3.5
2024-06-18,Barbie,2023,https://boxd.it/bCLK,3.5
2024-06-18,No Hard Feelings,2023,https://boxd.it/xouu,3.5
2024-06-18,Spider-Man: Across the Spider-Verse,2023,https://boxd.it/kSz4,4.5
2024-06-18,May December,2023,https://boxd.it/vEE2,3
2024-06-18,Bottoms,2023,https://boxd.it/uGf2,4.5
2024-06-18,The Wizard of Oz,1939,https://boxd.it/29Xu,4
2024-06-18,The Sound of Music,1965,https://boxd.it/1MLK,5
2024-06-18,The Texas Chain Saw Massacre,1974,https://boxd.it/1lcS,3.5
2024-06-18,Friday the 13th,1980,https://boxd.it/24fs,3
2024-06-18,The Karate Kid,1984,https://boxd.it/27Wk,3.5
2024-06-18,A Nightmare on Elm Street,1984,https://boxd.it/2aw0,3.5
2024-06-18,The Outsiders,1983,https://boxd.it/2aPw,3.5
2024-06-18,Back to the Future,1985,https://boxd.it/2b8e,5
2024-06-18,Ferris Bueller's Day Off,1986,https://boxd.it/1YPY,3.5
2024-06-18,Stand by Me,1986,https://boxd.it/2aOe,3
2024-06-18,Dirty Dancing,1987,https://boxd.it/2baY,3.5
2024-06-18,The Silence of the Lambs,1991,https://boxd.it/2aHW,4
2024-06-18,Point Break,1991,https://boxd.it/2958,4
2024-06-18,Scream,1996,https://boxd.it/24EC,4.5
2024-06-18,Father of the Bride,1991,https://boxd.it/1SWY,3.5
2024-06-18,Pulp Fiction,1994,https://boxd.it/29Pq,4
2024-06-18,Clueless,1995,https://boxd.it/1Ygk,3
2024-06-18,Toy Story,1995,https://boxd.it/29qA,5
2024-06-18,My Best Friend's Wedding,1997,https://boxd.it/1ZHm,3.5
2024-06-18,Titanic,1997,https://boxd.it/2a2k,4
2024-06-18,The Parent Trap,1998,https://boxd.it/1XJq,4.5
2024-06-18,10 Things I Hate About You,1999,https://boxd.it/23AO,3.5
2024-06-18,Fight Club,1999,https://boxd.it/2a9q,3.5
2024-06-18,Meet the Parents,2000,https://boxd.it/28vE,3.5
2024-06-18,Finding Nemo,2003,https://boxd.it/72i,5
2024-06-18,The Notebook,2004,https://boxd.it/1UNE,4.5
2024-06-18,Mean Girls,2004,https://boxd.it/1VNg,4
2024-06-18,Love Actually,2003,https://boxd.it/2aeU,4
2024-06-18,Freaky Friday,2003,https://boxd.it/1WwK,3.5
2024-06-18,Spy Kids 3-D: Game Over,2003,https://boxd.it/1S7w,3
2024-06-18,How to Lose a Guy in 10 Days,2003,https://boxd.it/1XwG,4
2024-06-18,Nights and Weekends,2008,https://boxd.it/J2A,3
2024-06-18,Bolt,2008,https://boxd.it/1QXg,5
2024-06-18,The Dark Knight,2008,https://boxd.it/2b0k,5
2024-06-18,The Perks of Being a Wallflower,2012,https://boxd.it/2ZA8,4.5
2024-06-18,Inside Out,2015,https://boxd.it/4KHC,4
2024-06-18,Inside Out 2,2024,https://boxd.it/CFrC,3.5
2024-06-18,Bodies Bodies Bodies,2022,https://boxd.it/iRcE,3.5
2024-06-18,Barbarian,2022,https://boxd.it/yohi,3.5
2024-06-18,Don't Worry Darling,2022,https://boxd.it/mViu,3
2024-06-18,Soul,2020,https://boxd.it/ioLA,1.5
2024-06-18,Jojo Rabbit,2019,https://boxd.it/iEBG,3.5
2024-06-18,Toy Story 4,2019,https://boxd.it/9ALu,3.5
2024-06-18,Us,2019,https://boxd.it/gnV6,4
2024-06-18,Mary Poppins Returns,2018,https://boxd.it/e4nU,2
2024-06-18,The Family Stone,2005,https://boxd.it/1Zja,3.5
2024-06-18,The Polar Express,2004,https://boxd.it/23am,5
2024-06-18,Crash,2004,https://boxd.it/28q0,3
2024-06-18,Zookeeper,2011,https://boxd.it/16gq,5
2024-06-18,Silver Linings Playbook,2012,https://boxd.it/2TTo,4.5
2024-06-18,"Love, Rosie",2014,https://boxd.it/62hE,3.5
2024-06-18,San Andreas,2015,https://boxd.it/7sUa,3
2024-06-18,Colonia,2015,https://boxd.it/ajm0,3.5
2024-06-18,Finding Dory,2016,https://boxd.it/4aAA,4
2024-06-18,Smile,2022,https://boxd.it/xjfE,3.5
2024-06-18,Spider-Man: No Way Home,2021,https://boxd.it/nwRw,4
2024-06-18,Raya and the Last Dragon,2021,https://boxd.it/jbkI,2.5
2024-06-18,Tall Girl,2019,https://boxd.it/n9yG,1
2024-06-18,Little Women,2019,https://boxd.it/aSVk,4
2024-06-18,The Kissing Booth 2,2020,https://boxd.it/lrky,2
2024-06-18,To All the Boys: Always and Forever,2021,https://boxd.it/mI1A,3
2024-06-18,It Chapter Two,2019,https://boxd.it/h10u,3
2024-06-18,Spider-Man: Into the Spider-Verse,2018,https://boxd.it/azpY,4.5
2024-06-18,The Kissing Booth,2018,https://boxd.it/geR0,3
2024-06-18,Halloween Ends,2022,https://boxd.it/mO8M,3
2024-06-18,Scream VI,2023,https://boxd.it/zdfW,3.5
2024-06-18,Halloween Kills,2021,https://boxd.it/mxzG,3
2024-06-18,To All the Boys: P.S. I Still Love You,2020,https://boxd.it/kJny,3
2024-06-18,Spider-Man: Far From Home,2019,https://boxd.it/fegG,3
2024-06-18,Halloween,2018,https://boxd.it/f0uE,3.5
2024-06-18,To All the Boys I've Loved Before,2018,https://boxd.it/gHec,4
2024-06-18,Blockers,2018,https://boxd.it/fxEW,3.5
2024-06-18,"Love, Simon",2018,https://boxd.it/g02s,3.5
2024-06-18,The Greatest Showman,2017,https://boxd.it/acjI,4
2024-06-18,Wonder,2017,https://boxd.it/ekeY,4
2024-06-18,It,2017,https://boxd.it/bC8e,3.5
2024-06-18,Lady Bird,2017,https://boxd.it/dGNE,3.5
2024-06-18,Spider-Man: Homecoming,2017,https://boxd.it/aboM,4
2024-06-18,Wonder Woman,2017,https://boxd.it/9roG,3.5
2024-06-18,The Circle,2017,https://boxd.it/bj1I,3
2024-06-18,Beauty and the Beast,2017,https://boxd.it/ar0c,3.5
2024-06-18,The Lego Batman Movie,2017,https://boxd.it/azp0,2.5
2024-06-18,Hidden Figures,2016,https://boxd.it/dgS4,4
2024-06-18,The Edge of Seventeen,2016,https://boxd.it/d5nu,3.5
2024-06-18,Ice Age: Collision Course,2016,https://boxd.it/8upq,2
2024-06-18,The Secret Life of Pets,2016,https://boxd.it/aJ5E,3
2024-06-18,The Conjuring 2,2016,https://boxd.it/7GJg,3.5
2024-06-18,Allegiant,2016,https://boxd.it/7NNE,1.5
2024-06-18,The Good Dinosaur,2015,https://boxd.it/3AD4,2
2024-06-18,Lion,2016,https://boxd.it/b2La,4
2024-06-18,Spy Kids,2001,https://boxd.it/1Xcw,3.5
2024-06-18,Legally Blonde,2001,https://boxd.it/1ZNa,3.5
2024-06-18,Ice Age,2002,https://boxd.it/2apS,3.5
2024-06-18,Spider-Man,2002,https://boxd.it/2a8i,4
2024-06-18,Spy Kids 2: The Island of Lost Dreams,2002,https://boxd.it/1Yyo,3.5
2024-06-18,Pirates of the Caribbean: The Curse of the Black Pearl,2003,https://boxd.it/70G,3
2024-06-18,Harry Potter and the Prisoner of Azkaban,2004,https://boxd.it/29Qy,4
2024-06-18,Red Eye,2005,https://boxd.it/1TNy,3
2024-06-18,Cars,2006,https://boxd.it/29ho,3.5
2024-06-18,Ice Age: The Meltdown,2006,https://boxd.it/2wRk,3.5
2024-06-18,Meet the Robinsons,2007,https://boxd.it/28Ym,3.5
2024-06-18,Bee Movie,2007,https://boxd.it/22Vw,3
2024-06-18,Ballet Shoes,2007,https://boxd.it/1Do8,3
2024-06-18,Kung Fu Panda,2008,https://boxd.it/1Yws,4
2024-06-18,The Tale of Despereaux,2008,https://boxd.it/1WQg,3
2024-06-18,Friday the 13th,2009,https://boxd.it/1QAw,3.5
2024-06-18,17 Again,2009,https://boxd.it/1Jnq,3
2024-06-18,Up,2009,https://boxd.it/1OEc,5
2024-06-18,Ice Age: Dawn of the Dinosaurs,2009,https://boxd.it/20iC,3
2024-06-18,Valentine's Day,2010,https://boxd.it/1gui,3.5
2024-06-18,Harry Potter and the Half-Blood Prince,2009,https://boxd.it/29FU,4
2024-06-18,How to Train Your Dragon,2010,https://boxd.it/1WRy,3.5
2024-06-18,Furry Vengeance,2010,https://boxd.it/1cGu,3
2024-06-18,Toy Story 3,2010,https://boxd.it/1WRe,3.5
2024-06-18,Scott Pilgrim vs. the World,2010,https://boxd.it/1Aq6,3
2024-06-18,Insidious,2010,https://boxd.it/H4k,3.5
2024-06-18,Megamind,2010,https://boxd.it/16Sk,3
2024-06-18,Harry Potter and the Deathly Hallows: Part 1,2010,https://boxd.it/1RYu,5
2024-06-18,Harry Potter and the Deathly Hallows: Part 2,2011,https://boxd.it/1RYk,5
2024-06-18,Spy Kids: All the Time in the World,2011,https://boxd.it/ptm,2
2024-06-18,The Hunger Games,2012,https://boxd.it/2uds,4
2024-06-18,Ice Age: Continental Drift,2012,https://boxd.it/lQ2,3
2024-06-18,Harry Potter and the Philosopher's Stone,2001,https://boxd.it/29QS,4
2024-06-18,Harry Potter and the Chamber of Secrets,2002,https://boxd.it/29QI,4.5
2024-06-18,Harry Potter and the Goblet of Fire,2005,https://boxd.it/29Qo,4.5
2024-06-18,Harry Potter and the Order of the Phoenix,2007,https://boxd.it/29Qe,4
2024-06-18,Wreck-It Ralph,2012,https://boxd.it/2TTS,3.5
2024-06-18,The Conjuring,2013,https://boxd.it/4sr2,4
2024-06-18,Despicable Me 2,2013,https://boxd.it/3gg0,3.5
2024-06-18,The Hunger Games: Catching Fire,2013,https://boxd.it/3sAw,4.5
2024-06-18,The Lego Movie,2014,https://boxd.it/4pDO,4
2024-06-18,Divergent,2014,https://boxd.it/4VT0,4
2024-06-18,How to Train Your Dragon 2,2014,https://boxd.it/2TRW,3
2024-06-18,Big Hero 6,2014,https://boxd.it/5rje,4
2024-06-18,The Hunger Games: Mockingjay – Part 1,2014,https://boxd.it/4hka,3
2024-06-18,Annie,2014,https://boxd.it/5W4u,3.5
2024-06-18,Home,2015,https://boxd.it/6JxA,3.5
2024-06-18,Insurgent,2015,https://boxd.it/7NNa,3.5
2024-06-18,The Hunger Games: Mockingjay – Part 2,2015,https://boxd.it/4hk0,3.5
2024-06-18,Rebel Without a Cause,1955,https://boxd.it/2aQu,3
2024-06-18,Nope,2022,https://boxd.it/sDCe,2.5
2024-06-18,Ocean's Eight,2018,https://boxd.it/eaai,3.5
2024-06-24,Forrest Gump,1994,https://boxd.it/728,5
2024-06-26,Mr. & Mrs. Smith,2005,https://boxd.it/29CG,2.5
2024-06-26,The Boss Baby,2017,https://boxd.it/9mfO,4
2024-06-26,Challengers,2024,https://boxd.it/zld0,3
2024-06-27,The Lion King,1994,https://boxd.it/201Q,4
2024-06-27,Saving Private Ryan,1998,https://boxd.it/29ro,4.5
2024-06-27,The Social Network,2010,https://boxd.it/17ue,4
2024-06-27,Oppenheimer,2023,https://boxd.it/wUow,4.5
2024-06-27,Spotlight,2015,https://boxd.it/a84k,4
2024-06-29,American Sniper,2014,https://boxd.it/5LDy,3.5
2024-06-30,Misery,1990,https://boxd.it/28gY,4
2024-06-30,Soul Surfer,2011,https://boxd.it/T9G,3
2024-08-01,Avatar,2009,https://boxd.it/1Efm,5
2024-08-01,Avatar: The Way of Water,2022,https://boxd.it/2E2E,4.5
2024-11-24,Wicked,2024,https://boxd.it/e8ME,5
2024-11-24,The Visit,2015,https://boxd.it/9ssO,2
2024-11-24,Saw,2004,https://boxd.it/2aWW,3.5
2024-11-24,Saw II,2005,https://boxd.it/2aRs,3
2024-11-24,Saw III,2006,https://boxd.it/2aRC,2
2024-11-24,Haunted Mansion,2023,https://boxd.it/mOsi,1
2024-11-24,Fifty Shades of Grey,2015,https://boxd.it/6qLo,2
2024-11-24,The Wolf of Wall Street,2013,https://boxd.it/3C1m,4
2024-11-24,M3GAN,2022,https://boxd.it/jxmG,3.5
2024-11-24,Out of My Mind,2024,https://boxd.it/AHaO,3.5
2024-11-25,Serendipity,2001,https://boxd.it/1XPy,4
2024-11-25,Rudy,1993,https://boxd.it/1NUe,4
2024-11-25,Pelé: Birth of a Legend,2016,https://boxd.it/7dFE,3.5
2024-11-25,"I, Tonya",2017,https://boxd.it/dzR0,3.5
2024-11-27,Saw X,2023,https://boxd.it/zUWk,2.5
2024-11-27,Good Will Hunting,1997,https://boxd.it/2ahY,4
2024-11-27,The Boy Next Door,2015,https://boxd.it/75Wi,2
2024-12-03,It Ends with Us,2024,https://boxd.it/ENjg,3.5
2024-12-14,He's Just Not That Into You,2009,https://boxd.it/1WSG,2.5
2024-12-14,The Sixth Sense,1999,https://boxd.it/29Js,5
2024-12-18,The Holiday,2006,https://boxd.it/28ye,2
2024-12-29,Smile 2,2024,https://boxd.it/FDA4,3
2024-12-29,Waves,2019,https://boxd.it/jpmy,4
2024-12-29,The Line,2023,https://boxd.it/z5aE,3.5
2025-01-09,Obsessed,2009,https://boxd.it/1IOU,2
2025-01-09,"Extremely Wicked, Shockingly Evil and Vile",2019,https://boxd.it/glCG,3
2025-01-09,Knives Out,2019,https://boxd.it/jWEA,2
2025-01-25,Hachi: A Dog's Tale,2009,https://boxd.it/1q4a,3.5
2025-01-25,Hillbilly Elegy,2020,https://boxd.it/lQmY,3
2025-01-25,The Blind Side,2009,https://boxd.it/1zWg,3
2025-01-25,"McFarland, USA",2015,https://boxd.it/6JCq,5
2025-01-25,The Founder,2016,https://boxd.it/9XwM,4
2025-01-25,National Treasure,2004,https://boxd.it/27x0,3.5
2025-01-25,Rocky,1976,https://boxd.it/28Uk,3.5
2025-01-25,Creed III,2023,https://boxd.it/pf68,2.5
2025-01-25,Babe,1995,https://boxd.it/1Yh8,4.5
2025-01-25,Charlotte's Web,2006,https://boxd.it/1Xn0,3
2025-01-25,Charlie and the Chocolate Factory,2005,https://boxd.it/2b68,3.5
2025-01-25,Willy Wonka & the Chocolate Factory,1971,https://boxd.it/2aLu,4
2025-01-25,Max,2015,https://boxd.it/8feM,2.5
2025-01-25,Free Willy,1993,https://boxd.it/28qO,3.5
2025-03-10,mid90s,2018,https://boxd.it/fxIa,3.5
2025-04-22,The Little Mermaid,2023,https://boxd.it/fVum,2
2025-04-22,Hamilton,2020,https://boxd.it/kmvE,5
2025-04-22,Frozen II,2019,https://boxd.it/aPvo,3
2025-05-10,Death of a Unicorn,2025,https://boxd.it/HCPm,2
2025-05-11,Little Miss Sunshine,2006,https://boxd.it/29EW,5
2025-05-11,Anora,2024,https://boxd.it/Egcw,4
2025-05-13,The Shawshank Redemption,1994,https://boxd.it/2aHi,4.5
2025-05-13,Grease,1978,https://boxd.it/29YW,3.5
2025-05-13,Top Gun,1986,https://boxd.it/29JC,3.5
2025-05-13,The Princess Bride,1987,https://boxd.it/26EY,3.5
2025-05-13,The Little Mermaid,1989,https://boxd.it/1WYO,3.5
2025-05-13,Selena,1997,https://boxd.it/1KVS,4.5
2025-05-13,High School Musical,2006,https://boxd.it/1V0y,2.5
2025-05-13,High School Musical 2,2007,https://boxd.it/1PIu,4
2025-05-13,High School Musical 3: Senior Year,2008,https://boxd.it/1SR0,3.5
2025-05-13,WALL·E,2008,https://boxd.it/1VEo,4
2025-05-13,Twilight,2008,https://boxd.it/1Zui,2.5
2025-05-13,Marley & Me,2008,https://boxd.it/1Ola,3.5
2025-05-13,Princess Protection Program,2009,https://boxd.it/1F5s,4
2025-05-13,The Twilight Saga: New Moon,2009,https://boxd.it/1Hj2,2.5
2025-05-13,Flipped,2010,https://boxd.it/Tb8,3.5
2025-05-13,Diary of a Wimpy Kid,2010,https://boxd.it/1fUa,3.5
2025-05-13,Tinker Bell and the Great Fairy Rescue,2010,https://boxd.it/RlU,3.5
2025-05-13,Tinker Bell and the Pirate Fairy,2014,https://boxd.it/5nyY,3
2025-05-13,Tinker Bell and the Lost Treasure,2009,https://boxd.it/1vKg,3.5
2025-05-13,Secret of the Wings,2012,https://boxd.it/2xMU,2
2025-05-13,Tinker Bell,2008,https://boxd.it/1QEy,3
2025-05-13,Rio,2011,https://boxd.it/NKc,3
2025-05-13,"Good Luck Charlie, It's Christmas!",2011,https://boxd.it/2QAy,3.5
2025-05-13,Alvin and the Chipmunks: Chipwrecked,2011,https://boxd.it/s9E,3.5
2025-05-13,Alvin and the Chipmunks,2007,https://boxd.it/21E0,4
2025-05-13,Alvin and the Chipmunks: The Squeakquel,2009,https://boxd.it/1zgk,3.5
2025-05-13,Alvin and the Chipmunks: The Road Chip,2015,https://boxd.it/7DWQ,2
2025-05-13,Madagascar,2005,https://boxd.it/29dc,3.5
2025-05-13,Madagascar: Escape 2 Africa,2008,https://boxd.it/1W2K,2
2025-05-13,The Lorax,2012,https://boxd.it/2w9M,3
2025-05-13,The Odd Life of Timothy Green,2012,https://boxd.it/2pT4,3
2025-05-13,Pitch Perfect,2012,https://boxd.it/3OsE,5
2025-05-13,Epic,2013,https://boxd.it/3SNm,3
2025-05-13,Teen Beach Movie,2013,https://boxd.it/5rKa,4
2025-05-13,Night at the Museum: Secret of the Tomb,2014,https://boxd.it/5x3m,3.5
2025-05-13,Minions,2015,https://boxd.it/6jCO,1
2025-05-13,The Martian,2015,https://boxd.it/8SeG,3.5
2025-05-13,Adventures in Babysitting,2016,https://boxd.it/cgVg,3.5
2025-05-13,Trolls,2016,https://boxd.it/4p8Q,1
2025-05-13,Moana,2016,https://boxd.it/8tfY,4
2025-05-13,Coco,2017,https://boxd.it/bYJQ,5
2025-05-13,Sierra Burgess Is a Loser,2018,https://boxd.it/gyP4,1
2025-05-13,The Hate U Give,2018,https://boxd.it/gQyg,3
2025-05-13,Dumplin',2018,https://boxd.it/gXcc,3
2025-05-13,After,2019,https://boxd.it/jBb8,2
2025-05-13,YES DAY,2021,https://boxd.it/nHgc,3
2025-05-13,The Fallout,2021,https://boxd.it/tViI,4
2025-05-13,Luca,2021,https://boxd.it/ipjC,3.5
2025-05-13,He's All That,2021,https://boxd.it/bFbA,2.5
2025-05-13,Top Gun: Maverick,2022,https://boxd.it/cjr4,3.5
2025-05-13,Earth to Echo,2014,https://boxd.it/71uO,3.5
2025-05-13,Airplane!,1980,https://boxd.it/29yu,4
2025-05-13,Kubo and the Two Strings,2016,https://boxd.it/a4wE,3
2025-05-13,My Neighbor Totoro,1988,https://boxd.it/20eA,3
2025-05-13,Onward,2020,https://boxd.it/io92,5
2025-05-13,Puss in Boots,2011,https://boxd.it/eL34,3.5
2025-05-13,Mr. Popper's Penguins,2011,https://boxd.it/kRS,3
2025-05-13,Night at the Museum,2006,https://boxd.it/28wi,3
2025-05-13,Daddy Day Care,2003,https://boxd.it/1VAw,3.5
2025-05-13,The Pacifier,2005,https://boxd.it/1Xhm,4
2025-05-13,Jinxed,2013,https://boxd.it/7eEi,2.5
2025-05-13,Holes,2003,https://boxd.it/20mE,3.5
2025-05-13,Christopher Robin,2018,https://boxd.it/eSj4,2.5
2025-05-13,Paddington,2014,https://boxd.it/3RKw,3.5
2025-05-13,Peter Rabbit,2018,https://boxd.it/di8W,3.5
2025-05-13,One Hundred and One Dalmatians,1961,https://boxd.it/1SeC,4
2025-05-13,Love & Basketball,2000,https://boxd.it/1Nu6,3.5
2025-05-13,Jumanji: The Next Level,2019,https://boxd.it/ixu4,2.5
2025-05-13,Jumanji: Welcome to the Jungle,2017,https://boxd.it/bUeE,4
2025-05-13,Paul Blart: Mall Cop,2009,https://boxd.it/1NQw,3.5
2025-05-13,Zootopia,2016,https://boxd.it/84xS,3.5
2025-05-13,Balto,1995,https://boxd.it/1Cwq,4
2025-05-13,The Jungle Book,2016,https://boxd.it/8wjk,2.5
2025-05-13,Encanto,2021,https://boxd.it/kPRu,3.5
2025-05-13,Sing,2016,https://boxd.it/b5EQ,3
2025-05-13,Happy Feet,2006,https://boxd.it/1XH0,3.5
2025-05-13,Happy Feet Two,2011,https://boxd.it/2Om,2.5
2025-05-13,Chicken Little,2005,https://boxd.it/1Xnu,4
2025-05-13,The Lego Movie 2: The Second Part,2019,https://boxd.it/8BAU,3.5
2025-05-13,The Emoji Movie,2017,https://boxd.it/d9x4,1
2025-05-13,Phineas and Ferb the Movie: Candace Against the Universe,2020,https://boxd.it/lTrs,4
2025-05-13,Phineas and Ferb The Movie: Across the 2nd Dimension,2011,https://boxd.it/2ql8,5
2025-05-13,Phineas and Ferb: Summer Belongs to You!,2010,https://boxd.it/gIz6,4.5
2025-05-13,Phineas and Ferb: Last Day of Summer,2015,https://boxd.it/gnE0,4
2025-05-13,Lightyear,2022,https://boxd.it/qV1G,3
2025-05-13,Hugo,2011,https://boxd.it/R08,4
2025-05-13,The BFG,2016,https://boxd.it/81cs,2
2025-05-13,A Wrinkle in Time,2018,https://boxd.it/el46,3.5
2025-05-13,Pete's Dragon,2016,https://boxd.it/9hza,2
2025-05-13,The Fox and the Hound,1981,https://boxd.it/1V0o,4
2025-05-13,Brother Bear,2003,https://boxd.it/1Xjs,4
2025-05-13,Akeelah and the Bee,2006,https://boxd.it/1PuC,3.5
2025-05-13,Coach Carter,2005,https://boxd.it/218e,3.5
2025-05-13,The Piano,1993,https://boxd.it/29Kq,5
2025-05-13,Air,2023,https://boxd.it/Arlc,3
2025-05-13,Planet 51,2009,https://boxd.it/1JA0,3
2025-05-13,Spooky Buddies,2011,https://boxd.it/2t9E,3.5
2025-05-13,Snow Buddies,2008,https://boxd.it/1OQC,2
2025-05-13,Air Buddies,2006,https://boxd.it/1XoM,3
2025-05-13,Santa Buddies,2009,https://boxd.it/1wTo,2
2025-05-13,Super Buddies,2013,https://boxd.it/4JMw,3
2025-05-13,Space Buddies,2009,https://boxd.it/1NsO,2
2025-05-13,Treasure Buddies,2012,https://boxd.it/2HNo,3
2025-05-13,Hop,2011,https://boxd.it/DQa,3.5
2025-05-13,Arthur Christmas,2011,https://boxd.it/Cg6,3
2025-05-13,Klaus,2019,https://boxd.it/ipoi,4
2025-05-13,Rise of the Guardians,2012,https://boxd.it/2PXw,4
2025-05-13,Kung Fu Panda 2,2011,https://boxd.it/G36,4
2025-05-13,Kung Fu Panda 3,2016,https://boxd.it/4uRQ,3.5
2025-05-13,The Boogeyman,2023,https://boxd.it/jnna,2.5
2025-05-13,Countdown,2019,https://boxd.it/m83K,2
2025-05-13,Pitch Perfect 2,2015,https://boxd.it/7tNa,3.5
2025-05-13,Despicable Me,2010,https://boxd.it/1DD8,4
2025-05-13,Knock at the Cabin,2023,https://boxd.it/npL2,2
2025-05-13,El Mariachi,1992,https://boxd.it/1YRq,3.5
2025-05-13,Shiva Baby,2020,https://boxd.it/oIv0,3.5
2025-05-13,Despicable Me 3,2017,https://boxd.it/azpu,2.5
2025-05-13,Penguins of Madagascar,2014,https://boxd.it/89tc,3
2025-05-13,G-Force,2009,https://boxd.it/1ETc,5
2025-05-15,Hereditary,2018,https://boxd.it/hNVe,3
2025-05-15,Final Destination,2000,https://boxd.it/1YrC,3
2025-05-16,Prisoners,2013,https://boxd.it/4E5i,3
2025-05-17,A Dog's Purpose,2017,https://boxd.it/dgSI,2.5
2025-05-18,The Collector,2009,https://boxd.it/1BY4,3
2025-05-20,Dolphin Tale,2011,https://boxd.it/alC,2.5
2025-05-20,Dolphin Tale 2,2014,https://boxd.it/6ISC,1.5
2025-05-20,Casino,1995,https://boxd.it/2ads,5
2025-05-24,Inglourious Basterds,2009,https://boxd.it/1JzG,3.5
2025-05-27,Django Unchained,2012,https://boxd.it/2cCk,5
2025-05-29,Step Sisters,2018,https://boxd.it/fhla,2.5
2025-05-29,Your Place or Mine,2023,https://boxd.it/qizY,2
2025-05-29,The Princess and the Frog,2009,https://boxd.it/1WQq,3.5
2025-06-01,The Cutting Edge,1992,https://boxd.it/1JWK,3.5
