Date,Name,Year,Letterboxd URI,Rating,Rewatch,Review,Tags,Watched Date
2024-06-24,Forrest Gump,1994,https://boxd.it/6JQJVN,5,,Wow. Just wow. Genuinely top 5 movies I’ve ever watched can’t believe I hadn’t watched until now.,,2024-06-23
2024-06-29,American Sniper,2014,https://boxd.it/6LxQrZ,3.5,,Crazy story and BC is so good,,2024-06-28
2024-06-30,Misery,1990,https://boxd.it/6M7Iol,4,,Frightening! 😧,,2024-06-30
2024-11-24,Wicked,2024,https://boxd.it/7T1s4j,5,,Perfection. So true to the musical and actors destroyed. Literally my new favorite movie.,,2024-11-23
2024-11-27,The Boy Next Door,2015,https://boxd.it/7UBY7F,2,,SO bad 😭😭 guy was insanely hot though,w/Isabella,2024-11-26
2024-12-03,It Ends with Us,2024,https://boxd.it/7XnX61,3.5,,Let’s get my girl lily blossom bloom a new wardrobe and personality ❤️,,2024-12-02
2024-12-14,He's Just Not That Into You,2009,https://boxd.it/831eQN,2.5,,Cute,,2024-12-13
2024-12-14,The Sixth Sense,1999,https://boxd.it/831f3x,5,,So incredible,,2024-12-13
2024-12-29,Smile 2,2024,https://boxd.it/8csUv3,3,,"Much better than 1, so gory creepy eek 😱",,2024-12-27
2024-12-29,Waves,2019,https://boxd.it/8csVk1,4,,SO DEPRESSING BUT WOW really made me take stock and done so well and uniquely,,2024-12-28
2025-03-10,mid90s,2018,https://boxd.it/94BBrb,3.5,,Great work,,2025-03-08
2025-04-11,Anora,2024,https://boxd.it/9np4Qp,4,,I liked it! Very unique and actually super funny and raw,,2025-04-10
2025-05-10,Death of a Unicorn,2025,https://boxd.it/9EAtfj,2,,What the hell,,2025-05-09
2025-05-12,Little Miss Sunshine,2006,https://boxd.it/9FFtlb,5,,Soooooo good and heartwarming and funny 🤌🏼 I can watch this anytime anywhere,,2025-05-11
2025-05-13,Hereditary,2018,https://boxd.it/9GaGhX,4,,"Interesting…
A bit outlandish/confusing but definitely done well",,2025-05-11
2025-05-13,The Shawshank Redemption,1994,https://boxd.it/9GrKiJ,4.5,,Great!,,2025-05-12
2025-05-13,The Good Dinosaur,2015,https://boxd.it/9GsEN9,2,,I HATE THIS MOVIE,,
2025-05-13,Pitch Perfect,2012,https://boxd.it/9GsOur,5,,Funniest movie ever in history ever ever ever,,
2025-05-13,Airplane!,1980,https://boxd.it/9GsOSj,4,,🤣🤣,,
2025-05-13,The Impossible,2012,https://boxd.it/9GsPgv,5,,Don’t ask me to watch this again I can’t take it,,
2025-05-13,The Perks of Being a Wallflower,2012,https://boxd.it/9GsQCd,4.5,,We accept the love we think we deserve 😫😫,,
2025-05-13,Shiva Baby,2020,https://boxd.it/9GvhVb,3.5,,"Lots of laughs, Danielle + Maya had great chem",,2025-05-13
2025-05-13,G-Force,2009,https://boxd.it/9Gvnyx,5,,GOAT MOVIE,,
2025-05-16,Final Destination,2000,https://boxd.it/9HCYcV,3,,Iconic concept,,2025-05-15
2025-05-16,Prisoners,2013,https://boxd.it/9HXjyN,3,,Suspenseful!,,2025-05-15
2025-05-17,A Dog's Purpose,2017,https://boxd.it/9ImVGZ,2.5,Yes,Rerank after watching again. Wholesome movie,,2025-05-14
2025-05-17,The Lego Movie,2014,https://boxd.it/9ImXoD,4,Yes,"What a film, so freaking funny and just hooks me! Love it love it love it so nostalgic too",,2025-05-14
2025-05-17,Zookeeper,2011,https://boxd.it/9IwYER,5,,WELL THATS NOT MY FAULT DONT YELL AT ME ON THE BEACH,,
2025-05-19,The Collector,2009,https://boxd.it/9JhXlD,3,,"Jesus Christ. Actually a great horror film, it’s got a unique, yet deranged plot and keeps you on the edge of your SEAT. Very very dramatized of course but it was a bit much at times. The collector PISSED ME TF OFF WOW WHY DO YOU LOOK LIKE THAT. Pretty wild and hard to watch I don’t think I blinked my eyes hurt after.",,2025-05-18
2025-05-20,Casino,1995,https://boxd.it/9KtYfT,5,,"VEGAS. Ginger baby lock in plsssssss 💔

LOL, all jokes aside this movie is so fantastic. Sets the scene and then takes you for a wild ride. So elaborate but makes sense not only plot wise, but emotion wise. Perfection!",,2025-05-19
2025-05-24,Inglourious Basterds,2009,https://boxd.it/9MK31x,3.5,,"This might be the first review I’ve written that I genuinely feel passionate about sharing.

If I’m understanding the point of this film correctly, then it’s executed quite well—and in a distinctly original way—hence the stars I’m giving it. That said, I don’t personally stand behind the message, the storyline, or the way historical context is used here.

The opening scene is a masterpiece. It pulled me in completely, and I thought I was in for an unforgettable film. But shortly after, I realized I had just watched three more scenes that felt like variations of that opener. The entire movie unfolded as a series of dramatic rises and falls, stitched together by “chapters.” Each time, I was left thinking, Okay… and then what? But before I could process that, the next flashy, storybook-style adventure began—and I guess I didn’t have to think too hard after all.

This structure is probably why I felt almost no connection to any character. The only one who had enough time to register emotionally was Hans Landa—thanks to Christoph Waltz’s brilliant performance and heavy screen time. I loved Hugo Stiglitz and was excited to learn more about him… but then, just like that, he was gone. I was shocked, but not moved.

By the end, I literally thought, Wait—so everything just… worked out? The cinema explodes, every major villain dies, the war ends, Shoshanna gets her revenge—yas. But there was no moment that made me sit up in my seat and feel something. Even when it seemed like Aldo and Utivich might finally face some kind of consequence from the terrifyingly committed Landa, he suddenly defects to the Allies over a casual radio call… after years of committing atrocities?? Huh?

Which brings me to the biggest disconnect: yes, this is fictionalized, but in what world was it that easy to assassinate Hitler? I understand it’s a revisionist fantasy, but there’s a reason World War II and the Holocaust lasted as long as they did—it wasn’t for lack of effort or simplicity of solution. The film glosses over that, reducing massive historical suffering to a cinematic what-if that feels almost too convenient.

All that said, if Quentin Tarantino was aiming for an over-the-top, genre-bending, stylized revenge fantasy—then he nailed it. It looked amazing, it was entertaining, and it was bold. I just don’t think I was the target audience for this particular take on history.",,2025-05-24
2025-05-27,Django Unchained,2012,https://boxd.it/9OQLP7,5,,"So great, literally no notes. Olivia Pope had like no lines though rip",,2025-05-26
2025-06-01,The Cutting Edge,1992,https://boxd.it/9RVXQX,3.5,,"I really liked it! Love the competitive and fun personalities (especially her headstrong and locked in-ness) and genuine love and chemistry but also trust and admiration the two characters have for each other. Felt like a unique side of rom coms, fun watch!!",,2025-05-31
2025-06-05,Step Sisters,2018,https://boxd.it/9UdaLj,2.5,,I just remember cracking up while watching this,,
