Date,Name,Year,Letterboxd URI
2024-01-13,Road House,1989,https://boxd.it/1X0g
2024-06-25,The Truman Show,1998,https://boxd.it/18U8
2024-11-24,Wicked: For Good,2025,https://boxd.it/AyfK
2024-11-24,Brokeback Mountain,2005,https://boxd.it/2b2q
2024-11-24,The Shining,1980,https://boxd.it/29Nu
2024-11-24,The Ring,2002,https://boxd.it/2a70
2024-12-29,Batman Begins,2005,https://boxd.it/2aIg
2024-12-29,The Dark Knight Rises,2012,https://boxd.it/H3m
2024-12-29,The Godfather,1972,https://boxd.it/2aNK
2024-12-29,The Batman,2022,https://boxd.it/eDGs
2024-12-29,Parasite,2019,https://boxd.it/hTha
2025-01-25,Notting Hill,1999,https://boxd.it/2aeK
2025-01-25,(500) Days of Summer,2009,https://boxd.it/1EmM
2025-01-25,When Harry Met Sally...,1989,https://boxd.it/29W2
2025-01-25,Midsommar,2019,https://boxd.it/jhxe
2025-01-25,The Help,2011,https://boxd.it/EDm
2025-01-25,Joker,2019,https://boxd.it/h4cS
2025-01-25,Moonlight,2016,https://boxd.it/d6bE
2025-01-25,Thirteen,2003,https://boxd.it/1UPK
2025-01-25,Beautiful Boy,2018,https://boxd.it/g76Q
2025-01-25,White Men Can't Jump,1992,https://boxd.it/1WWy
2025-01-25,Southpaw,2015,https://boxd.it/9Phu
2025-01-25,Boyhood,2014,https://boxd.it/3178
2025-04-22,12 Years a Slave,2013,https://boxd.it/2D2e
2025-05-12,Shutter Island,2010,https://boxd.it/1U82
2025-05-12,Kill Bill: Vol. 1,2003,https://boxd.it/70w
2025-05-13,Ghost,1990,https://boxd.it/2aLE
2025-05-13,The Player,1992,https://boxd.it/1WlM
2025-05-13,Red Dawn,1984,https://boxd.it/27X8
2025-05-13,Schindler's List,1993,https://boxd.it/2aq2
2025-05-13,The Boy in the Striped Pyjamas,2008,https://boxd.it/1NOK
2025-05-13,Taken,2008,https://boxd.it/1ZXa
2025-05-13,Breakfast at Tiffany's,1961,https://boxd.it/2aYS
2025-05-13,E.T. the Extra-Terrestrial,1982,https://boxd.it/2a1G
2025-05-13,The Breakfast Club,1985,https://boxd.it/27q4
2025-05-13,Sleepless in Seattle,1993,https://boxd.it/29re
2025-05-13,The Fugitive,1993,https://boxd.it/230G
2025-05-13,Jumanji,1995,https://boxd.it/1ZLI
2025-05-13,Fools Rush In,1997,https://boxd.it/27JK
2025-05-13,Gladiator,2000,https://boxd.it/2b9m
2025-05-13,The Princess Diaries,2001,https://boxd.it/1XCO
2025-05-13,50 First Dates,2004,https://boxd.it/285c
2025-05-13,Pride & Prejudice,2005,https://boxd.it/24u8
2025-05-13,The Devil Wears Prada,2006,https://boxd.it/2awE
2025-05-13,The Pursuit of Happyness,2006,https://boxd.it/28PE
2025-05-13,Bridge to Terabithia,2007,https://boxd.it/28YG
2025-05-13,Superbad,2007,https://boxd.it/20hO
2025-05-13,27 Dresses,2008,https://boxd.it/21x4
2025-05-13,Mamma Mia!,2008,https://boxd.it/1Tnq
2025-05-13,Dear John,2010,https://boxd.it/1zO2
2025-05-13,My Girl,1991,https://boxd.it/24PK
2025-05-13,About Time,2013,https://boxd.it/43bI
2025-05-13,Disobedience,2017,https://boxd.it/ePFG
2025-05-13,Wedding Crashers,2005,https://boxd.it/1Yte
2025-05-13,The Vow,2012,https://boxd.it/2o4Y
2025-05-13,The Monkey,2025,https://boxd.it/Gwiu
2025-05-13,Lying and Stealing,2019,https://boxd.it/is0I
2025-05-13,The Time Traveler's Wife,2009,https://boxd.it/1xH4
2025-05-13,Bridesmaids,2011,https://boxd.it/rac
2025-05-13,Black Swan,2010,https://boxd.it/Sw0
2025-05-13,The Purge,2013,https://boxd.it/4Xg0
2025-05-13,The Fault in Our Stars,2014,https://boxd.it/6BQa
2025-05-13,Interstellar,2014,https://boxd.it/4VZ8
2025-05-13,The Age of Adaline,2015,https://boxd.it/9ghu
2025-05-13,Bad Moms,2016,https://boxd.it/d5nk
2025-05-13,Baywatch,2017,https://boxd.it/biG6
2025-05-13,Pitch Perfect 3,2017,https://boxd.it/bUre
2025-05-13,Green Book,2018,https://boxd.it/hErk
2025-05-13,Instant Family,2018,https://boxd.it/hHpQ
2025-05-13,Once Upon a Time... in Hollywood,2019,https://boxd.it/gH0O
2025-05-13,Bones and All,2022,https://boxd.it/tLd4
2025-05-13,The Virgin Suicides,1999,https://boxd.it/28JG
2025-05-13,The Goonies,1985,https://boxd.it/1YVC
2025-05-13,Poor Things,2023,https://boxd.it/tNWU
2025-05-13,Eternal Sunshine of the Spotless Mind,2004,https://boxd.it/6YK
2025-05-13,Fantastic Mr. Fox,2009,https://boxd.it/1WyQ
2025-05-13,American Psycho,2000,https://boxd.it/28Vs
2025-05-13,Natural Born Killers,1994,https://boxd.it/2aNg
2025-05-13,Pearl,2022,https://boxd.it/zPbe
2025-05-13,Hannibal,2001,https://boxd.it/1XVc
2025-05-13,The Spectacular Now,2013,https://boxd.it/4VSG
2025-05-13,The Curious Case of Benjamin Button,2008,https://boxd.it/23Fk
2025-05-13,The Whale,2022,https://boxd.it/tw4c
2025-05-13,Precious,2009,https://boxd.it/1v6K
2025-05-13,King Richard,2021,https://boxd.it/mJZ2
2025-05-13,Moneyball,2011,https://boxd.it/glS
2025-05-13,I Am Sam,2001,https://boxd.it/1V04
2025-05-13,Little Manhattan,2005,https://boxd.it/1JXS
2025-05-13,The Babadook,2014,https://boxd.it/77xu
2025-05-13,The Black Phone,2021,https://boxd.it/sqFE
2025-05-13,White Chicks,2004,https://boxd.it/1SpK
2025-05-13,Meet the Fockers,2004,https://boxd.it/29NE
2025-05-13,Little Fockers,2010,https://boxd.it/13Ea
2025-05-13,Zoolander,2001,https://boxd.it/1YMA
2025-05-13,This Is the End,2013,https://boxd.it/3GB4
2025-05-13,Noah,2014,https://boxd.it/34QA
2025-05-13,My Week with Marilyn,2011,https://boxd.it/2Cey
2025-05-13,Regression,2015,https://boxd.it/75Y4
2025-05-13,Blink Twice,2024,https://boxd.it/vIOg
2025-05-13,21 Jump Street,2012,https://boxd.it/J0
2025-05-13,Psycho,1960,https://boxd.it/2ab2
2025-05-13,Juror #2,2024,https://boxd.it/FRwU
2025-05-13,The Green Mile,1999,https://boxd.it/2agG
2025-05-13,The Hangover,2009,https://boxd.it/1GjK
2025-05-13,Click,2006,https://boxd.it/1YVM
2025-05-13,Sophie's Choice,1982,https://boxd.it/1Lzy
2025-05-13,Glass Onion,2022,https://boxd.it/oCkK
2025-05-13,Death on the Nile,2022,https://boxd.it/ifpg
2025-05-13,Murder on the Orient Express,2017,https://boxd.it/dHjA
2025-05-15,Moulin Rouge!,2001,https://boxd.it/29wI
2025-05-15,A Few Good Men,1992,https://boxd.it/29nw
2025-05-15,Jerry Maguire,1996,https://boxd.it/1YNS
2025-05-15,Carlito's Way,1993,https://boxd.it/226e
2025-05-15,A Bronx Tale,1993,https://boxd.it/28uQ
2025-05-15,Se7en,1995,https://boxd.it/29zs
2025-05-15,Requiem for a Dream,2000,https://boxd.it/29VI
2025-05-15,Poltergeist,1982,https://boxd.it/2a0o
2025-05-17,Citizen Kane,1941,https://boxd.it/71O
2025-05-17,Mickey 17,2025,https://boxd.it/q1Dk
2025-05-17,Closer,2004,https://boxd.it/270K
2025-05-17,Crash,1996,https://boxd.it/29n2
2025-05-17,Uncut Gems,2019,https://boxd.it/gXGc
2025-05-17,Catch Me If You Can,2002,https://boxd.it/29VS
2025-05-18,Spring Breakers,2012,https://boxd.it/421s
2025-05-18,Havoc,2005,https://boxd.it/1NyW
2025-05-18,Kids,1995,https://boxd.it/1YUY
2025-05-18,Project X,2012,https://boxd.it/neO
2025-05-18,Cruel Intentions,1999,https://boxd.it/29Be
2025-05-18,I Used to Be Funny,2023,https://boxd.it/yzvU
2025-05-19,Taxi Driver,1976,https://boxd.it/2b8y
2025-05-19,GoodFellas,1990,https://boxd.it/29FA
2025-05-19,Heat,1995,https://boxd.it/2bg8
2025-06-01,Sinners,2025,https://boxd.it/KQMM
2025-06-06,Palo Alto,2013,https://boxd.it/5Nzy
